State,District,Number of operational holdings,Average size of operational holding (Ha),No. of cultivators using diesel pumps,No. of cultivators using electric pumps,image_url
Andhra Pradesh,Anantapur,727237,1.76,6062,120098,https://cdn.protograph.pykih.com/Assets/Ahmedabad.png
Andhra Pradesh,Chittoor,667137,0.93,22226,293232,https://cdn.protograph.pykih.com/Assets/Ahmedabad.png
Andhra Pradesh,East Godavari,697878,0.73,36162,48796,https://cdn.protograph.pykih.com/Assets/Ahmedabad.png
Andhra Pradesh,Guntur,759889,0.92,222934,138313,https://cdn.protograph.pykih.com/Assets/Ahmedabad.png
Andhra Pradesh,Kadapa,441288,1.23,13917,182972,https://cdn.protograph.pykih.com/Assets/Ahmedabad.png
Andhra Pradesh,Krishna,551542,0.92,119387,105733,https://cdn.protograph.pykih.com/Assets/Ahmedabad.png
Andhra Pradesh,Kurnool,632849,1.63,11518,47411,https://cdn.protograph.pykih.com/Assets/Ahmedabad.png
Andhra Pradesh,Prakasam,670385,1.27,26743,138775,https://cdn.protograph.pykih.com/Assets/Ahmedabad.png
Andhra Pradesh,Sri Potti Sriramulu Nellore,456349,1.02,43107,122083,https://cdn.protograph.pykih.com/Assets/Ahmedabad.png
Andhra Pradesh,Srikakulam,525362,0.66,56792,24588,https://cdn.protograph.pykih.com/Assets/Ahmedabad.png
Andhra Pradesh,Visakhapatnam,474527,0.84,8988,16306,https://cdn.protograph.pykih.com/Assets/Ahmedabad.png
Andhra Pradesh,Vizianagaram,446734,0.76,69905,14196,https://cdn.protograph.pykih.com/Assets/Ahmedabad.png
Andhra Pradesh,West Godavari,565055,0.85,47121,188776,https://cdn.protograph.pykih.com/Assets/Ahmedabad.png
Arunanchal Pradesh,Anjaw,2713,3.24,0,0,https://cdn.protograph.pykih.com/Assets/Ahmedabad.png
Arunanchal Pradesh,Changlang,8117,5.21,89,0,https://cdn.protograph.pykih.com/Assets/Ahmedabad.png
Arunanchal Pradesh,Dibang Valley,1246,2.92,0,0,https://cdn.protograph.pykih.com/Assets/Ahmedabad.png
Arunanchal Pradesh,East Kameng,6700,3.3,0,0,https://cdn.protograph.pykih.com/Assets/Ahmedabad.png
Arunanchal Pradesh,East Siang,10069,3.73,15,0,https://cdn.protograph.pykih.com/Assets/Ahmedabad.png
Arunanchal Pradesh,Kurung Kumey,5389,4.89,0,0,https://cdn.protograph.pykih.com/Assets/Ahmedabad.png
Arunanchal Pradesh,Lohit,10170,2.21,140,32,https://cdn.protograph.pykih.com/Assets/Ahmedabad.png
Arunanchal Pradesh,Lower Dibang Valley,2220,5.29,39,0,https://cdn.protograph.pykih.com/Assets/Ahmedabad.png
Arunanchal Pradesh,Lower Subansiri,8440,1.65,62,0,https://cdn.protograph.pykih.com/Assets/Ahmedabad.png
Arunanchal Pradesh,Papum Pare,6819,2.3,0,0,https://cdn.protograph.pykih.com/Assets/Ahmedabad.png
Arunanchal Pradesh,Tawang,6003,0.79,0,0,https://cdn.protograph.pykih.com/Assets/Ahmedabad.png
Arunanchal Pradesh,Tirap,10363,2.82,0,0,https://cdn.protograph.pykih.com/Assets/Ahmedabad.png
Arunanchal Pradesh,Upper Siang,3715,5.25,108,0,https://cdn.protograph.pykih.com/Assets/Ahmedabad.png
Arunanchal Pradesh,Upper Subansiri,7199,8.46,52,0,https://cdn.protograph.pykih.com/Assets/Ahmedabad.png
Arunanchal Pradesh,West Kameng,6304,1.93,0,0,https://cdn.protograph.pykih.com/Assets/Ahmedabad.png
Arunanchal Pradesh,West Siang,11061,4.67,0,0,https://cdn.protograph.pykih.com/Assets/Ahmedabad.png
Assam,Baksa,89165,1.18,10024,575,https://cdn.protograph.pykih.com/Assets/Ahmedabad.png
Assam,Barpeta,126998,1.29,55849,8211,https://cdn.protograph.pykih.com/Assets/Ahmedabad.png
Assam,Bongaigaon,78953,0.71,11465,8717,https://cdn.protograph.pykih.com/Assets/Ahmedabad.png
Assam,Cachar,99115,0.97,2118,1260,https://cdn.protograph.pykih.com/Assets/Ahmedabad.png
Assam,Chirang,44847,0.67,17165,1598,https://cdn.protograph.pykih.com/Assets/Ahmedabad.png
Assam,Darrang,95873,0.83,9424,0,https://cdn.protograph.pykih.com/Assets/Ahmedabad.png
Assam,Dhemaji,90080,0.99,6828,1466,https://cdn.protograph.pykih.com/Assets/Ahmedabad.png
Assam,Dhubri,128753,0.96,86990,9663,https://cdn.protograph.pykih.com/Assets/Ahmedabad.png
Assam,Dibrugarh,108651,1.04,6690,1922,https://cdn.protograph.pykih.com/Assets/Ahmedabad.png
Assam,Dima Hasao,17464,0.82,27,76,https://cdn.protograph.pykih.com/Assets/Ahmedabad.png
Assam,Goalpara,91919,0.93,52988,2819,https://cdn.protograph.pykih.com/Assets/Ahmedabad.png
Assam,Golaghat,110433,1.08,9096,1677,https://cdn.protograph.pykih.com/Assets/Ahmedabad.png
Assam,Hailakandi,67373,0.85,31140,505,https://cdn.protograph.pykih.com/Assets/Ahmedabad.png
Assam,Jorhat,110219,1.02,4273,902,https://cdn.protograph.pykih.com/Assets/Ahmedabad.png
Assam,Kamrup,183289,0.99,48305,17427,https://cdn.protograph.pykih.com/Assets/Ahmedabad.png
Assam,Kamrup Metropolitan,30060,0.99,2674,3381,https://cdn.protograph.pykih.com/Assets/Ahmedabad.png
Assam,Karbi Anglong,70495,1.04,7833,1711,https://cdn.protograph.pykih.com/Assets/Ahmedabad.png
Assam,Karimganj,49995,1.31,9862,510,https://cdn.protograph.pykih.com/Assets/Ahmedabad.png
Assam,Kokrajhar,124625,0.83,22612,3294,https://cdn.protograph.pykih.com/Assets/Ahmedabad.png
Assam,Lakhimpur,93544,1.06,7810,1033,https://cdn.protograph.pykih.com/Assets/Ahmedabad.png
Assam,Marigaon,99936,0.87,7835,330,https://cdn.protograph.pykih.com/Assets/Ahmedabad.png
Assam,Nagaon,229383,1.02,33171,10699,https://cdn.protograph.pykih.com/Assets/Ahmedabad.png
Assam,Nalbari,66505,1.14,4971,2759,https://cdn.protograph.pykih.com/Assets/Ahmedabad.png
Assam,Sivasagar,95789,1.18,10092,1122,https://cdn.protograph.pykih.com/Assets/Ahmedabad.png
Assam,Sonitpur,217282,1.02,43854,6401,https://cdn.protograph.pykih.com/Assets/Ahmedabad.png
Assam,Tinsukia,92982,1.2,1492,1558,https://cdn.protograph.pykih.com/Assets/Ahmedabad.png
Assam,Udalguri,101447,0.96,665,52,https://cdn.protograph.pykih.com/Assets/Ahmedabad.png
Bihar,Araria,388889,0.56,60403,112,https://cdn.protograph.pykih.com/Assets/Ahmedabad.png
Bihar,Arwal,110313,0.42,0,2256,https://cdn.protograph.pykih.com/Assets/Ahmedabad.png
Bihar,Aurangabad (Bhr),403696,0.6,304851,2227,https://cdn.protograph.pykih.com/Assets/Ahmedabad.png
Bihar,Banka,332803,0.45,243691,1629,https://cdn.protograph.pykih.com/Assets/Ahmedabad.png
Bihar,Begusarai,375342,0.33,339594,109,https://cdn.protograph.pykih.com/Assets/Ahmedabad.png
Bihar,Bhagalpur,488492,0.32,423531,2480,https://cdn.protograph.pykih.com/Assets/Ahmedabad.png
Bihar,Bhojpur,391243,0.47,355876,1244,https://cdn.protograph.pykih.com/Assets/Ahmedabad.png
Bihar,Buxar,177128,0.77,165427,911,https://cdn.protograph.pykih.com/Assets/Ahmedabad.png
Bihar,Darbhanga,545706,0.31,395241,0,https://cdn.protograph.pykih.com/Assets/Ahmedabad.png
Bihar,Gaya,745105,0.46,595817,5562,https://cdn.protograph.pykih.com/Assets/Ahmedabad.png
Bihar,Gopalganj,572540,0.26,456038,57,https://cdn.protograph.pykih.com/Assets/Ahmedabad.png
Bihar,Jamui,406960,0.47,121141,1201,https://cdn.protograph.pykih.com/Assets/Ahmedabad.png
Bihar,Jehanabad,167934,0.45,197913,2606,https://cdn.protograph.pykih.com/Assets/Ahmedabad.png
Bihar,Kaimur (bhabua),281004,0.56,187217,2717,https://cdn.protograph.pykih.com/Assets/Ahmedabad.png
Bihar,Katihar,419624,0.49,369503,1782,https://cdn.protograph.pykih.com/Assets/Ahmedabad.png
Bihar,Khagaria,218440,0.45,171235,0,https://cdn.protograph.pykih.com/Assets/Ahmedabad.png
Bihar,Kishanganj,308839,0.43,289829,5029,https://cdn.protograph.pykih.com/Assets/Ahmedabad.png
Bihar,Lakhisarai,147261,0.42,27814,0,https://cdn.protograph.pykih.com/Assets/Ahmedabad.png
Bihar,Madhepura,362208,0.38,261984,2691,https://cdn.protograph.pykih.com/Assets/Ahmedabad.png
Bihar,Madhubani,633672,0.37,448892,268,https://cdn.protograph.pykih.com/Assets/Ahmedabad.png
Bihar,Munger,155247,0.3,16921,35939,https://cdn.protograph.pykih.com/Assets/Ahmedabad.png
Bihar,Muzaffarpur,598155,0.37,508645,153,https://cdn.protograph.pykih.com/Assets/Ahmedabad.png
Bihar,Nalanda,345441,0.52,302787,5177,https://cdn.protograph.pykih.com/Assets/Ahmedabad.png
Bihar,Nawada,377265,0.39,316922,3421,https://cdn.protograph.pykih.com/Assets/Ahmedabad.png
Bihar,Pashchim Champaran,808729,0.41,659074,0,https://cdn.protograph.pykih.com/Assets/Ahmedabad.png
Bihar,Patna,676790,0.35,209931,220224,https://cdn.protograph.pykih.com/Assets/Ahmedabad.png
Bihar,Purba Champaran,933059,0.36,463139,9508,https://cdn.protograph.pykih.com/Assets/Ahmedabad.png
Bihar,Purnia,389204,0.61,127537,10801,https://cdn.protograph.pykih.com/Assets/Ahmedabad.png
Bihar,Rohtas,545475,0.45,194469,1266,https://cdn.protograph.pykih.com/Assets/Ahmedabad.png
Bihar,Saharsa,216623,0.56,177835,0,https://cdn.protograph.pykih.com/Assets/Ahmedabad.png
Bihar,Samastipur,683268,0.28,389154,72,https://cdn.protograph.pykih.com/Assets/Ahmedabad.png
Bihar,Saran (chhapra),539228,0.3,491596,1833,https://cdn.protograph.pykih.com/Assets/Ahmedabad.png
Bihar,Sheikhpura,156301,0.36,113897,6625,https://cdn.protograph.pykih.com/Assets/Ahmedabad.png
Bihar,Sheohar,87608,0.37,46772,0,https://cdn.protograph.pykih.com/Assets/Ahmedabad.png
Bihar,Sitamarhi,651925,0.24,600372,247848,https://cdn.protograph.pykih.com/Assets/Ahmedabad.png
Bihar,Siwan,436914,0.33,214617,0,https://cdn.protograph.pykih.com/Assets/Ahmedabad.png
Bihar,Supaul,375746,0.45,230383,0,https://cdn.protograph.pykih.com/Assets/Ahmedabad.png
Bihar,Vaishali,711366,0.19,549166,5611,https://cdn.protograph.pykih.com/Assets/Ahmedabad.png
Chhattisgarh,Bastar,172834,1.93,4533,512,https://cdn.protograph.pykih.com/Assets/Ahmedabad.png
Chhattisgarh,Bijapur (Cht),26534,2.84,221,486,https://cdn.protograph.pykih.com/Assets/Ahmedabad.png
Chhattisgarh,Bilaspur (Cht),398094,0.98,5637,14833,https://cdn.protograph.pykih.com/Assets/Ahmedabad.png
Chhattisgarh,Dakshin Bastar Dantewada,51298,4.43,45,45,https://cdn.protograph.pykih.com/Assets/Ahmedabad.png
Chhattisgarh,Dhamtari,136237,1.01,2240,21393,https://cdn.protograph.pykih.com/Assets/Ahmedabad.png
Chhattisgarh,Durg,452555,1.27,14531,40631,https://cdn.protograph.pykih.com/Assets/Ahmedabad.png
Chhattisgarh,Janjgir-champa,304815,0.89,8227,21434,https://cdn.protograph.pykih.com/Assets/Ahmedabad.png
Chhattisgarh,Jashpur,124409,2.21,4341,596,https://cdn.protograph.pykih.com/Assets/Ahmedabad.png
Chhattisgarh,Kabeerdham,150391,1.33,1393,28574,https://cdn.protograph.pykih.com/Assets/Ahmedabad.png
Chhattisgarh,Korba,123983,1.13,7502,6451,https://cdn.protograph.pykih.com/Assets/Ahmedabad.png
Chhattisgarh,Koriya,74771,1.68,1027,2141,https://cdn.protograph.pykih.com/Assets/Ahmedabad.png
Chhattisgarh,Mahasamund,195031,1.41,6328,22778,https://cdn.protograph.pykih.com/Assets/Ahmedabad.png
Chhattisgarh,Narayanpur,14500,2.57,104,104,https://cdn.protograph.pykih.com/Assets/Ahmedabad.png
Chhattisgarh,Raigarh (Cht),212270,1.38,15571,17042,https://cdn.protograph.pykih.com/Assets/Ahmedabad.png
Chhattisgarh,Raipur,506522,1.11,29235,33282,https://cdn.protograph.pykih.com/Assets/Ahmedabad.png
Chhattisgarh,Rajnandgaon,283015,1.41,6569,11979,https://cdn.protograph.pykih.com/Assets/Ahmedabad.png
Chhattisgarh,Surguja,390496,1.34,15831,18879,https://cdn.protograph.pykih.com/Assets/Ahmedabad.png
Chhattisgarh,Uttar Bastar Kanker,128208,1.85,865,2149,https://cdn.protograph.pykih.com/Assets/Ahmedabad.png
Goa,North Goa,45822,1.09,667,8286,https://cdn.protograph.pykih.com/Assets/Ahmedabad.png
Goa,South Goa,32073,1.15,1446,4319,https://cdn.protograph.pykih.com/Assets/Ahmedabad.png
Gujarat,Ahmedabad,217487,2.63,57247,7121,https://cdn.protograph.pykih.com/Assets/Ahmedabad.png
Gujarat,Amreli,235971,2.27,20278,29201,https://cdn.protograph.pykih.com/Assets/Ahmedabad.png
Gujarat,Anand,216077,0.97,58644,14916,https://cdn.protograph.pykih.com/Assets/Ahmedabad.png
Gujarat,Banas Kantha,305802,2.45,29497,72328,https://cdn.protograph.pykih.com/Assets/Ahmedabad.png
Gujarat,Bharuch,127135,2.12,9245,6537,https://cdn.protograph.pykih.com/Assets/Ahmedabad.png
Gujarat,Bhavnagar,237271,2.3,39291,20339,https://cdn.protograph.pykih.com/Assets/Ahmedabad.png
Gujarat,Dohad,99898,2.16,25217,5553,https://cdn.protograph.pykih.com/Assets/Ahmedabad.png
Gujarat,Gandhinagar,118241,1.37,14814,13440,https://cdn.protograph.pykih.com/Assets/Ahmedabad.png
Gujarat,Jamnagar,254103,2.39,43456,108459,https://cdn.protograph.pykih.com/Assets/Ahmedabad.png
Gujarat,Junagadh,267755,1.93,70255,52412,https://cdn.protograph.pykih.com/Assets/Ahmedabad.png
Gujarat,Kachchh,211213,3.65,12498,11161,https://cdn.protograph.pykih.com/Assets/Ahmedabad.png
Gujarat,Kheda,255411,1.19,34980,19604,https://cdn.protograph.pykih.com/Assets/Ahmedabad.png
Gujarat,Mahesana,252202,1.33,0,0,https://cdn.protograph.pykih.com/Assets/Ahmedabad.png
Gujarat,Narmada,55565,2.03,9767,5495,https://cdn.protograph.pykih.com/Assets/Ahmedabad.png
Gujarat,Navsari,124589,1.11,5536,8460,https://cdn.protograph.pykih.com/Assets/Ahmedabad.png
Gujarat,Panch Mahals,208923,1.52,32354,13165,https://cdn.protograph.pykih.com/Assets/Ahmedabad.png
Gujarat,Patan,154317,2.49,296,230,https://cdn.protograph.pykih.com/Assets/Ahmedabad.png
Gujarat,Porbandar,62147,1.99,30731,6748,https://cdn.protograph.pykih.com/Assets/Ahmedabad.png
Gujarat,Rajkot,352271,2.07,177343,49662,https://cdn.protograph.pykih.com/Assets/Ahmedabad.png
Gujarat,Sabar Kantha,269867,1.65,27830,73923,https://cdn.protograph.pykih.com/Assets/Ahmedabad.png
Gujarat,Surat,139429,1.7,20507,24477,https://cdn.protograph.pykih.com/Assets/Ahmedabad.png
Gujarat,Surendranagar,226746,3.13,29308,54899,https://cdn.protograph.pykih.com/Assets/Ahmedabad.png
Gujarat,Tapi,73022,1.98,7424,8301,https://cdn.protograph.pykih.com/Assets/Ahmedabad.png
Gujarat,The Dangs,12567,4.71,684,51,https://cdn.protograph.pykih.com/Assets/Ahmedabad.png
Gujarat,Vadodara,277172,1.69,24703,8275,https://cdn.protograph.pykih.com/Assets/Ahmedabad.png
Gujarat,Valsad,125384,1.16,3196,3191,https://cdn.protograph.pykih.com/Assets/Ahmedabad.png
Haryana,Ambala,58278,1.67,19146,27034,https://cdn.protograph.pykih.com/Assets/Ahmedabad.png
Haryana,Bhiwani,174675,2.17,19080,23719,https://cdn.protograph.pykih.com/Assets/Ahmedabad.png
Haryana,Faridabad,95031,1.68,40877,78729,https://cdn.protograph.pykih.com/Assets/Ahmedabad.png
Haryana,Fatehabad,70287,2.8,18317,57630,https://cdn.protograph.pykih.com/Assets/Ahmedabad.png
Haryana,Gurgaon,30091,1.42,1407,22370,https://cdn.protograph.pykih.com/Assets/Ahmedabad.png
Haryana,Hisar,67613,3.21,37566,12931,https://cdn.protograph.pykih.com/Assets/Ahmedabad.png
Haryana,Jhajjar,83237,1.33,59989,3590,https://cdn.protograph.pykih.com/Assets/Ahmedabad.png
Haryana,Jind,88178,1.58,29936,27875,https://cdn.protograph.pykih.com/Assets/Ahmedabad.png
Haryana,Kaithal,48900,2.98,1803,24591,https://cdn.protograph.pykih.com/Assets/Ahmedabad.png
Haryana,Karnal,91701,2.12,25477,88760,https://cdn.protograph.pykih.com/Assets/Ahmedabad.png
Haryana,Kurukshetra,49349,2.23,2949,20562,https://cdn.protograph.pykih.com/Assets/Ahmedabad.png
Haryana,Mahendragarh,33612,1.41,1206,24432,https://cdn.protograph.pykih.com/Assets/Ahmedabad.png
Haryana,Mewat,86317,1.99,52456,7215,https://cdn.protograph.pykih.com/Assets/Ahmedabad.png
Haryana,Panchkula,17412,1.67,154,5099,https://cdn.protograph.pykih.com/Assets/Ahmedabad.png
Haryana,Panipat,58576,2.06,2323,36326,https://cdn.protograph.pykih.com/Assets/Ahmedabad.png
Haryana,Rewari,38398,1.66,2013,21622,https://cdn.protograph.pykih.com/Assets/Ahmedabad.png
Haryana,Rohtak,37719,1.43,18980,3868,https://cdn.protograph.pykih.com/Assets/Ahmedabad.png
Haryana,Sirsa,329877,2.77,837,74851,https://cdn.protograph.pykih.com/Assets/Ahmedabad.png
Haryana,Sonipat,97937,2.07,24468,45229,https://cdn.protograph.pykih.com/Assets/Ahmedabad.png
Haryana,Yamunanagar,42911,2.15,2720,39639,https://cdn.protograph.pykih.com/Assets/Ahmedabad.png
Himachal Pradesh,Bilaspur (HP),57412,0.87,0,116,https://cdn.protograph.pykih.com/Assets/Ahmedabad.png
Himachal Pradesh,Chamba,70601,0.76,0,0,https://cdn.protograph.pykih.com/Assets/Ahmedabad.png
Himachal Pradesh,Hamirpur (HP),76137,0.95,20,0,https://cdn.protograph.pykih.com/Assets/Ahmedabad.png
Himachal Pradesh,Kangra,235807,0.88,1809,1277,https://cdn.protograph.pykih.com/Assets/Ahmedabad.png
Himachal Pradesh,Kinnaur,10630,1.2,0,0,https://cdn.protograph.pykih.com/Assets/Ahmedabad.png
Himachal Pradesh,Kullu,74405,0.57,0,0,https://cdn.protograph.pykih.com/Assets/Ahmedabad.png
Himachal Pradesh,Lahul & Spiti,4252,1.55,0,16,https://cdn.protograph.pykih.com/Assets/Ahmedabad.png
Himachal Pradesh,Mandi,154159,0.84,625,573,https://cdn.protograph.pykih.com/Assets/Ahmedabad.png
Himachal Pradesh,Shimla,109790,1.04,282,65,https://cdn.protograph.pykih.com/Assets/Ahmedabad.png
Himachal Pradesh,Sirmaur,50639,1.87,237,724,https://cdn.protograph.pykih.com/Assets/Ahmedabad.png
Himachal Pradesh,Solan,53409,1.56,0,167,https://cdn.protograph.pykih.com/Assets/Ahmedabad.png
Himachal Pradesh,Una,62707,1.25,1348,2070,https://cdn.protograph.pykih.com/Assets/Ahmedabad.png
Jammu & Kashmir,Anantnag,119740,0.36,12711,1118,https://cdn.protograph.pykih.com/Assets/Ahmedabad.png
Jammu & Kashmir,Badgam,113622,0.43,15884,11847,https://cdn.protograph.pykih.com/Assets/Ahmedabad.png
Jammu & Kashmir,Bandipore,43652,0.39,21247,21441,https://cdn.protograph.pykih.com/Assets/Ahmedabad.png
Jammu & Kashmir,Baramula,126350,0.56,21404,29259,https://cdn.protograph.pykih.com/Assets/Ahmedabad.png
Jammu & Kashmir,Doda,59175,0.62,897,477,https://cdn.protograph.pykih.com/Assets/Ahmedabad.png
Jammu & Kashmir,Ganderbal,39777,0.38,73,0,https://cdn.protograph.pykih.com/Assets/Ahmedabad.png
Jammu & Kashmir,Jammu,139963,0.66,7645,59554,https://cdn.protograph.pykih.com/Assets/Ahmedabad.png
Jammu & Kashmir,Kargil,19657,0.75,3550,1347,https://cdn.protograph.pykih.com/Assets/Ahmedabad.png
Jammu & Kashmir,Kathua,80683,0.95,1433,15641,https://cdn.protograph.pykih.com/Assets/Ahmedabad.png
Jammu & Kashmir,Kishtwar,42960,0.46,9628,9628,https://cdn.protograph.pykih.com/Assets/Ahmedabad.png
Jammu & Kashmir,Kulgam,66683,0.42,43569,23277,https://cdn.protograph.pykih.com/Assets/Ahmedabad.png
Jammu & Kashmir,Kupwara,90504,0.52,14795,14768,https://cdn.protograph.pykih.com/Assets/Ahmedabad.png
Jammu & Kashmir,Leh (ladakh),21290,0.63,0,0,https://cdn.protograph.pykih.com/Assets/Ahmedabad.png
Jammu & Kashmir,Pulwama,85480,0.43,19943,117,https://cdn.protograph.pykih.com/Assets/Ahmedabad.png
Jammu & Kashmir,Punch,52102,0.86,17120,17120,https://cdn.protograph.pykih.com/Assets/Ahmedabad.png
Jammu & Kashmir,Rajouri,77707,1.01,10247,10219,https://cdn.protograph.pykih.com/Assets/Ahmedabad.png
Jammu & Kashmir,Ramban,40131,0.7,74,74,https://cdn.protograph.pykih.com/Assets/Ahmedabad.png
Jammu & Kashmir,Reasi,41040,0.91,652,772,https://cdn.protograph.pykih.com/Assets/Ahmedabad.png
Jammu & Kashmir,Samba,44135,0.91,2511,16702,https://cdn.protograph.pykih.com/Assets/Ahmedabad.png
Jammu & Kashmir,Shupiyan,40909,0.48,9339,1013,https://cdn.protograph.pykih.com/Assets/Ahmedabad.png
Jammu & Kashmir,Srinagar,36444,0.26,4287,3054,https://cdn.protograph.pykih.com/Assets/Ahmedabad.png
Jammu & Kashmir,Udhampur,65131,0.99,346,346,https://cdn.protograph.pykih.com/Assets/Ahmedabad.png
Jharkhand,Bokaro,68387,1.19,263,0,https://cdn.protograph.pykih.com/Assets/Ahmedabad.png
Jharkhand,Chatra,123007,0.95,26169,1937,https://cdn.protograph.pykih.com/Assets/Ahmedabad.png
Jharkhand,Deoghar,110658,1.33,38193,6110,https://cdn.protograph.pykih.com/Assets/Ahmedabad.png
Jharkhand,Dhanbad,49126,0.84,12961,1549,https://cdn.protograph.pykih.com/Assets/Ahmedabad.png
Jharkhand,Dumka,108973,1.82,38300,9386,https://cdn.protograph.pykih.com/Assets/Ahmedabad.png
Jharkhand,Garhwa,180469,0.78,49287,6202,https://cdn.protograph.pykih.com/Assets/Ahmedabad.png
Jharkhand,Giridih,236848,0.63,39749,727,https://cdn.protograph.pykih.com/Assets/Ahmedabad.png
Jharkhand,Godda,83074,1.32,36134,4495,https://cdn.protograph.pykih.com/Assets/Ahmedabad.png
Jharkhand,Gumla,146295,1.63,41736,12994,https://cdn.protograph.pykih.com/Assets/Ahmedabad.png
Jharkhand,Hazaribagh,127873,0.78,22176,17315,https://cdn.protograph.pykih.com/Assets/Ahmedabad.png
Jharkhand,Jamtara,53122,1.5,33161,1101,https://cdn.protograph.pykih.com/Assets/Ahmedabad.png
Jharkhand,Khunti,60391,2.01,7955,252,https://cdn.protograph.pykih.com/Assets/Ahmedabad.png
Jharkhand,Kodarma,14580,1.24,1419,107,https://cdn.protograph.pykih.com/Assets/Ahmedabad.png
Jharkhand,Latehar,71052,1.53,27091,5286,https://cdn.protograph.pykih.com/Assets/Ahmedabad.png
Jharkhand,Lohardaga,41863,1.63,24648,9046,https://cdn.protograph.pykih.com/Assets/Ahmedabad.png
Jharkhand,Pakur,117066,0.74,33440,1032,https://cdn.protograph.pykih.com/Assets/Ahmedabad.png
Jharkhand,Palamu,270339,0.65,14722,9124,https://cdn.protograph.pykih.com/Assets/Ahmedabad.png
Jharkhand,Pashchimi Singhbhum,140794,2.03,5060,166,https://cdn.protograph.pykih.com/Assets/Ahmedabad.png
Jharkhand,Purbi Singhbhum,167364,0.85,3581,140,https://cdn.protograph.pykih.com/Assets/Ahmedabad.png
Jharkhand,Ramgarh,30382,2.04,7323,11465,https://cdn.protograph.pykih.com/Assets/Ahmedabad.png
Jharkhand,Ranchi,200393,1.41,66652,2701,https://cdn.protograph.pykih.com/Assets/Ahmedabad.png
Jharkhand,Sahibganj,94257,0.95,2195,122,https://cdn.protograph.pykih.com/Assets/Ahmedabad.png
Jharkhand,Saraikela-kharsawan,137369,1.15,7006,283,https://cdn.protograph.pykih.com/Assets/Ahmedabad.png
Jharkhand,Simdega,70211,2.16,2596,277,https://cdn.protograph.pykih.com/Assets/Ahmedabad.png
Karnataka,Bagalkot,227686,2.17,706,82803,https://cdn.protograph.pykih.com/Assets/Ahmedabad.png
Karnataka,Bangalore,80525,1.05,990,15236,https://cdn.protograph.pykih.com/Assets/Ahmedabad.png
Karnataka,Bangalore Rural,178809,0.88,2855,18300,https://cdn.protograph.pykih.com/Assets/Ahmedabad.png
Karnataka,Belgaum,530831,1.82,25382,175054,https://cdn.protograph.pykih.com/Assets/Ahmedabad.png
Karnataka,Bellary,274224,1.92,520,9740,https://cdn.protograph.pykih.com/Assets/Ahmedabad.png
Karnataka,Bidar,250911,1.81,833,38914,https://cdn.protograph.pykih.com/Assets/Ahmedabad.png
Karnataka,Bijapur (Kar),342165,2.79,10224,83629,https://cdn.protograph.pykih.com/Assets/Ahmedabad.png
Karnataka,Chamrajnagar,211750,1.06,102,36245,https://cdn.protograph.pykih.com/Assets/Ahmedabad.png
Karnataka,Chikkaballapura,214355,1.09,925,10970,https://cdn.protograph.pykih.com/Assets/Ahmedabad.png
Karnataka,Chikmagalur,222111,1.35,17718,27332,https://cdn.protograph.pykih.com/Assets/Ahmedabad.png
Karnataka,Chitradurga,290429,1.96,2588,53178,https://cdn.protograph.pykih.com/Assets/Ahmedabad.png
Karnataka,Dakshina Kannada,208250,0.86,55561,163128,https://cdn.protograph.pykih.com/Assets/Ahmedabad.png
Karnataka,Davanagere,281243,1.49,4529,32674,https://cdn.protograph.pykih.com/Assets/Ahmedabad.png
Karnataka,Dharwad,143021,2.43,64,32,https://cdn.protograph.pykih.com/Assets/Ahmedabad.png
Karnataka,Gadag,163149,2.43,658,1396,https://cdn.protograph.pykih.com/Assets/Ahmedabad.png
Karnataka,Gulbarga,395227,2.38,1097,34741,https://cdn.protograph.pykih.com/Assets/Ahmedabad.png
Karnataka,Hassan,435102,1,37998,24589,https://cdn.protograph.pykih.com/Assets/Ahmedabad.png
Karnataka,Haveri,217996,1.77,483,49935,https://cdn.protograph.pykih.com/Assets/Ahmedabad.png
Karnataka,Kodagu,68454,2.36,47239,43868,https://cdn.protograph.pykih.com/Assets/Ahmedabad.png
Karnataka,Kolar,236470,1,3890,45158,https://cdn.protograph.pykih.com/Assets/Ahmedabad.png
Karnataka,Koppal,218068,2.05,2629,45735,https://cdn.protograph.pykih.com/Assets/Ahmedabad.png
Karnataka,Mandya,393422,0.73,3804,6306,https://cdn.protograph.pykih.com/Assets/Ahmedabad.png
Karnataka,Mysore,385534,0.94,13197,23052,https://cdn.protograph.pykih.com/Assets/Ahmedabad.png
Karnataka,Raichur,332022,2.14,198,5579,https://cdn.protograph.pykih.com/Assets/Ahmedabad.png
Karnataka,Ramanagara,271285,0.79,304,22883,https://cdn.protograph.pykih.com/Assets/Ahmedabad.png
Karnataka,Shimoga,213711,1.26,9575,31795,https://cdn.protograph.pykih.com/Assets/Ahmedabad.png
Karnataka,Tumkur,414182,1.62,2753,77913,https://cdn.protograph.pykih.com/Assets/Ahmedabad.png
Karnataka,Udupi,199942,0.82,2620,79979,https://cdn.protograph.pykih.com/Assets/Ahmedabad.png
Karnataka,Uttara Kannada,192314,0.89,3484,47704,https://cdn.protograph.pykih.com/Assets/Ahmedabad.png
Karnataka,Yadgir,226375,2.01,10391,5013,https://cdn.protograph.pykih.com/Assets/Ahmedabad.png
Kerala,Alappuzha,474362,0.14,2587,152324,https://cdn.protograph.pykih.com/Assets/Ahmedabad.png
Kerala,Ernakulam,640456,0.21,188,106321,https://cdn.protograph.pykih.com/Assets/Ahmedabad.png
Kerala,Idukki,257606,0.43,1704,28238,https://cdn.protograph.pykih.com/Assets/Ahmedabad.png
Kerala,Kannur,480989,0.24,1456,62564,https://cdn.protograph.pykih.com/Assets/Ahmedabad.png
Kerala,Kasaragod,224736,0.34,1843,44790,https://cdn.protograph.pykih.com/Assets/Ahmedabad.png
Kerala,Kollam,575713,0.15,0,61581,https://cdn.protograph.pykih.com/Assets/Ahmedabad.png
Kerala,Kottayam,415368,0.28,0,15054,https://cdn.protograph.pykih.com/Assets/Ahmedabad.png
Kerala,Kozhikode,634012,0.18,2251,35960,https://cdn.protograph.pykih.com/Assets/Ahmedabad.png
Kerala,Malappuram,683152,0.19,589,34921,https://cdn.protograph.pykih.com/Assets/Ahmedabad.png
Kerala,Palakkad,495220,0.27,2182,19585,https://cdn.protograph.pykih.com/Assets/Ahmedabad.png
Kerala,Pathanamthitta,294066,0.21,157,36662,https://cdn.protograph.pykih.com/Assets/Ahmedabad.png
Kerala,Thiruvananthapuram,746301,0.12,0,61490,https://cdn.protograph.pykih.com/Assets/Ahmedabad.png
Kerala,Thrissur,680643,0.14,67,75823,https://cdn.protograph.pykih.com/Assets/Ahmedabad.png
Kerala,Wayanad,171907,0.41,2389,29510,https://cdn.protograph.pykih.com/Assets/Ahmedabad.png
Madhya Pradesh,Alirajpur,92601,1.92,2229,11741,https://cdn.protograph.pykih.com/Assets/Ahmedabad.png
Madhya Pradesh,Anuppur,110810,1.83,116,1323,https://cdn.protograph.pykih.com/Assets/Ahmedabad.png
Madhya Pradesh,Ashoknagar,140604,2.08,23441,24040,https://cdn.protograph.pykih.com/Assets/Ahmedabad.png
Madhya Pradesh,Balaghat,285685,1.06,12446,9341,https://cdn.protograph.pykih.com/Assets/Ahmedabad.png
Madhya Pradesh,Barwani,115648,2.06,1046,38202,https://cdn.protograph.pykih.com/Assets/Ahmedabad.png
Madhya Pradesh,Betul,214909,2.21,17026,39840,https://cdn.protograph.pykih.com/Assets/Ahmedabad.png
Madhya Pradesh,Bhind,210956,1.59,17887,42019,https://cdn.protograph.pykih.com/Assets/Ahmedabad.png
Madhya Pradesh,Bhopal,71034,2.05,6461,30145,https://cdn.protograph.pykih.com/Assets/Ahmedabad.png
Madhya Pradesh,Burhanpur,52142,2.05,2265,7198,https://cdn.protograph.pykih.com/Assets/Ahmedabad.png
Madhya Pradesh,Chhatarpur,267616,1.76,64171,94623,https://cdn.protograph.pykih.com/Assets/Ahmedabad.png
Madhya Pradesh,Chhindwara,294556,1.8,797,12872,https://cdn.protograph.pykih.com/Assets/Ahmedabad.png
Madhya Pradesh,Damoh,172161,1.67,20573,33431,https://cdn.protograph.pykih.com/Assets/Ahmedabad.png
Madhya Pradesh,Datia,136539,1.56,17766,28478,https://cdn.protograph.pykih.com/Assets/Ahmedabad.png
Madhya Pradesh,Dewas,176532,2.37,0,16395,https://cdn.protograph.pykih.com/Assets/Ahmedabad.png
Madhya Pradesh,Dhar,242007,2.06,32895,148664,https://cdn.protograph.pykih.com/Assets/Ahmedabad.png
Madhya Pradesh,Dindori,137909,1.96,530,25,https://cdn.protograph.pykih.com/Assets/Ahmedabad.png
Madhya Pradesh,East Nimar,151129,2.12,5854,37809,https://cdn.protograph.pykih.com/Assets/Ahmedabad.png
Madhya Pradesh,Guna,152151,2.07,29533,44379,https://cdn.protograph.pykih.com/Assets/Ahmedabad.png
Madhya Pradesh,Gwalior,120826,1.69,20753,27175,https://cdn.protograph.pykih.com/Assets/Ahmedabad.png
Madhya Pradesh,Harda,50811,3.29,20640,19557,https://cdn.protograph.pykih.com/Assets/Ahmedabad.png
Madhya Pradesh,Hoshangabad,137973,2.3,23836,55351,https://cdn.protograph.pykih.com/Assets/Ahmedabad.png
Madhya Pradesh,Indore,129170,1.89,11572,46884,https://cdn.protograph.pykih.com/Assets/Ahmedabad.png
Madhya Pradesh,Jabalpur,202323,1.49,201,65510,https://cdn.protograph.pykih.com/Assets/Ahmedabad.png
Madhya Pradesh,Jhabua,137905,1.42,9872,14049,https://cdn.protograph.pykih.com/Assets/Ahmedabad.png
Madhya Pradesh,Katni,193453,1.2,14505,56331,https://cdn.protograph.pykih.com/Assets/Ahmedabad.png
Madhya Pradesh,Mandla,182774,1.52,3994,6559,https://cdn.protograph.pykih.com/Assets/Ahmedabad.png
Madhya Pradesh,Mandsaur,217572,1.64,41660,137617,https://cdn.protograph.pykih.com/Assets/Ahmedabad.png
Madhya Pradesh,Morena,228848,1.21,67102,107285,https://cdn.protograph.pykih.com/Assets/Ahmedabad.png
Madhya Pradesh,Narsimhapur,157156,1.92,12126,97058,https://cdn.protograph.pykih.com/Assets/Ahmedabad.png
Madhya Pradesh,Neemuch,114166,1.54,8577,62084,https://cdn.protograph.pykih.com/Assets/Ahmedabad.png
Madhya Pradesh,Panna,196709,1.52,25380,16618,https://cdn.protograph.pykih.com/Assets/Ahmedabad.png
Madhya Pradesh,Raisen,160268,2.68,35082,45158,https://cdn.protograph.pykih.com/Assets/Ahmedabad.png
Madhya Pradesh,Rajgarh,249095,1.83,84266,104529,https://cdn.protograph.pykih.com/Assets/Ahmedabad.png
Madhya Pradesh,Ratlam,182169,1.78,39519,72444,https://cdn.protograph.pykih.com/Assets/Ahmedabad.png
Madhya Pradesh,Rewa,283989,1.39,17686,54818,https://cdn.protograph.pykih.com/Assets/Ahmedabad.png
Madhya Pradesh,Sagar,312583,1.75,58295,141977,https://cdn.protograph.pykih.com/Assets/Ahmedabad.png
Madhya Pradesh,Satna,273583,1.32,22081,71091,https://cdn.protograph.pykih.com/Assets/Ahmedabad.png
Madhya Pradesh,Sehore,171461,2.34,17815,109475,https://cdn.protograph.pykih.com/Assets/Ahmedabad.png
Madhya Pradesh,Seoni,249608,1.77,17467,23579,https://cdn.protograph.pykih.com/Assets/Ahmedabad.png
Madhya Pradesh,Shahdol,149048,1.48,6408,14898,https://cdn.protograph.pykih.com/Assets/Ahmedabad.png
Madhya Pradesh,Shajapur,246458,1.92,40258,115181,https://cdn.protograph.pykih.com/Assets/Ahmedabad.png
Madhya Pradesh,Sheopur,100230,1.68,33117,46341,https://cdn.protograph.pykih.com/Assets/Ahmedabad.png
Madhya Pradesh,Shivpuri,254712,1.81,96219,95009,https://cdn.protograph.pykih.com/Assets/Ahmedabad.png
Madhya Pradesh,Sidhi,136731,1.47,5932,26443,https://cdn.protograph.pykih.com/Assets/Ahmedabad.png
Madhya Pradesh,Singrauli,136968,1.45,11459,16567,https://cdn.protograph.pykih.com/Assets/Ahmedabad.png
Madhya Pradesh,Tikamgarh,139655,1.53,38782,44969,https://cdn.protograph.pykih.com/Assets/Ahmedabad.png
Madhya Pradesh,Ujjain,231956,2.21,43367,117558,https://cdn.protograph.pykih.com/Assets/Ahmedabad.png
Madhya Pradesh,Umaria,88255,1.54,12869,12178,https://cdn.protograph.pykih.com/Assets/Ahmedabad.png
Madhya Pradesh,Vidisha,202334,2.62,49910,64927,https://cdn.protograph.pykih.com/Assets/Ahmedabad.png
Madhya Pradesh,West Nimar,206211,2.06,7787,54080,https://cdn.protograph.pykih.com/Assets/Ahmedabad.png
Maharashtra,Ahmadnagar,954126,1.29,57701,254977,https://cdn.protograph.pykih.com/Assets/Ahmedabad.png
Maharashtra,Akola,240888,1.69,26871,46729,https://cdn.protograph.pykih.com/Assets/Ahmedabad.png
Maharashtra,Amravati,414471,1.7,30235,106762,https://cdn.protograph.pykih.com/Assets/Ahmedabad.png
Maharashtra,Aurangabad (Mhr),529809,1.32,37998,175962,https://cdn.protograph.pykih.com/Assets/Ahmedabad.png
Maharashtra,Bhandara,218534,0.97,26913,44761,https://cdn.protograph.pykih.com/Assets/Ahmedabad.png
Maharashtra,Bid,651547,1.32,17038,106198,https://cdn.protograph.pykih.com/Assets/Ahmedabad.png
Maharashtra,Buldana,429434,1.62,40328,123722,https://cdn.protograph.pykih.com/Assets/Ahmedabad.png
Maharashtra,Chandrapur,304073,1.77,26498,47042,https://cdn.protograph.pykih.com/Assets/Ahmedabad.png
Maharashtra,Dhule,235915,1.77,27314,16649,https://cdn.protograph.pykih.com/Assets/Ahmedabad.png
Maharashtra,Garhchiroli,134807,1.68,11048,20211,https://cdn.protograph.pykih.com/Assets/Ahmedabad.png
Maharashtra,Gondiya,237666,0.9,25459,57056,https://cdn.protograph.pykih.com/Assets/Ahmedabad.png
Maharashtra,Hingoli,212980,1.67,29099,47789,https://cdn.protograph.pykih.com/Assets/Ahmedabad.png
Maharashtra,Jalgaon,437752,1.77,34890,160199,https://cdn.protograph.pykih.com/Assets/Ahmedabad.png
Maharashtra,Jalna,410013,1.42,45256,158931,https://cdn.protograph.pykih.com/Assets/Ahmedabad.png
Maharashtra,Kolhapur,634995,0.7,62331,297681,https://cdn.protograph.pykih.com/Assets/Ahmedabad.png
Maharashtra,Latur,388670,1.65,44539,109740,https://cdn.protograph.pykih.com/Assets/Ahmedabad.png
Maharashtra,Nagpur,268197,1.87,37814,74824,https://cdn.protograph.pykih.com/Assets/Ahmedabad.png
Maharashtra,Nanded,581990,1.42,55478,145508,https://cdn.protograph.pykih.com/Assets/Ahmedabad.png
Maharashtra,Nandurbar,146729,1.98,3453,5195,https://cdn.protograph.pykih.com/Assets/Ahmedabad.png
Maharashtra,Nashik,641279,1.53,58194,360018,https://cdn.protograph.pykih.com/Assets/Ahmedabad.png
Maharashtra,Osmanabad,356470,1.93,39875,84875,https://cdn.protograph.pykih.com/Assets/Ahmedabad.png
Maharashtra,Parbhani,347764,1.62,31259,103073,https://cdn.protograph.pykih.com/Assets/Ahmedabad.png
Maharashtra,Pune,741646,1.36,66302,285468,https://cdn.protograph.pykih.com/Assets/Ahmedabad.png
Maharashtra,Raigarh (Mhr),310881,1.08,1632,9852,https://cdn.protograph.pykih.com/Assets/Ahmedabad.png
Maharashtra,Ratnagiri,453372,1.23,10760,17172,https://cdn.protograph.pykih.com/Assets/Ahmedabad.png
Maharashtra,Sangli,537145,1.24,42762,160481,https://cdn.protograph.pykih.com/Assets/Ahmedabad.png
Maharashtra,Satara,859482,0.75,77635,353663,https://cdn.protograph.pykih.com/Assets/Ahmedabad.png
Maharashtra,Sindhudurg,276856,1.07,17982,38113,https://cdn.protograph.pykih.com/Assets/Ahmedabad.png
Maharashtra,Solapur,666963,1.88,44184,299082,https://cdn.protograph.pykih.com/Assets/Ahmedabad.png
Maharashtra,Thane,279565,1.41,7283,19619,https://cdn.protograph.pykih.com/Assets/Ahmedabad.png
Maharashtra,Wardha,196063,1.9,36425,51015,https://cdn.protograph.pykih.com/Assets/Ahmedabad.png
Maharashtra,Washim,195379,2.24,33433,35133,https://cdn.protograph.pykih.com/Assets/Ahmedabad.png
Maharashtra,Yavatmal,378427,2.19,15695,123381,https://cdn.protograph.pykih.com/Assets/Ahmedabad.png
Manipur,Bishnupur,13945,1.36,1124,12923,https://cdn.protograph.pykih.com/Assets/Ahmedabad.png
Manipur,Chandel,6265,1.61,47,426,https://cdn.protograph.pykih.com/Assets/Ahmedabad.png
Manipur,Churachandpur,15385,0.82,32,615,https://cdn.protograph.pykih.com/Assets/Ahmedabad.png
Manipur,Imphal East,19710,1.02,37,8977,https://cdn.protograph.pykih.com/Assets/Ahmedabad.png
Manipur,Imphal West,22130,0.96,610,1780,https://cdn.protograph.pykih.com/Assets/Ahmedabad.png
Manipur,Senapati,20580,1.07,41,1599,https://cdn.protograph.pykih.com/Assets/Ahmedabad.png
Manipur,Tamenglong,7685,2.04,0,3199,https://cdn.protograph.pykih.com/Assets/Ahmedabad.png
Manipur,Thoubal,32610,1.1,4055,30428,https://cdn.protograph.pykih.com/Assets/Ahmedabad.png
Manipur,Ukhrul,12285,1.08,0,8486,https://cdn.protograph.pykih.com/Assets/Ahmedabad.png
Meghalaya,East Garo Hills,20782,1.27,73,49,https://cdn.protograph.pykih.com/Assets/Ahmedabad.png
Meghalaya,East Khasi Hills,32529,1.41,0,0,https://cdn.protograph.pykih.com/Assets/Ahmedabad.png
Meghalaya,Jaintia Hills,22898,1.43,0,76,https://cdn.protograph.pykih.com/Assets/Ahmedabad.png
Meghalaya,Ri Bhoi,25738,1.29,0,170,https://cdn.protograph.pykih.com/Assets/Ahmedabad.png
Meghalaya,South Garo Hills,12768,1.28,0,167,https://cdn.protograph.pykih.com/Assets/Ahmedabad.png
Meghalaya,West Garo Hills,44227,1.68,1291,216,https://cdn.protograph.pykih.com/Assets/Ahmedabad.png
Meghalaya,West Khasi Hills,49906,1.14,64,290,https://cdn.protograph.pykih.com/Assets/Ahmedabad.png
Mizoram,Aizawl,16319,0.99,229,0,https://cdn.protograph.pykih.com/Assets/Ahmedabad.png
Mizoram,Champhai,20136,1.05,47,0,https://cdn.protograph.pykih.com/Assets/Ahmedabad.png
Mizoram,Kolasib,5925,1.87,0,0,https://cdn.protograph.pykih.com/Assets/Ahmedabad.png
Mizoram,Lawangtlai,11682,0.79,0,0,https://cdn.protograph.pykih.com/Assets/Ahmedabad.png
Mizoram,Lunglei,15754,0.98,0,0,https://cdn.protograph.pykih.com/Assets/Ahmedabad.png
Mizoram,Mamit,10423,1.82,0,0,https://cdn.protograph.pykih.com/Assets/Ahmedabad.png
Mizoram,Saiha,4120,0.95,0,0,https://cdn.protograph.pykih.com/Assets/Ahmedabad.png
Mizoram,Serchhip,7377,1.28,0,0,https://cdn.protograph.pykih.com/Assets/Ahmedabad.png
Nagaland,Dimapur,22603,4.21,3019,111,https://cdn.protograph.pykih.com/Assets/Ahmedabad.png
Nagaland,Kiphire,8604,3.9,0,2636,https://cdn.protograph.pykih.com/Assets/Ahmedabad.png
Nagaland,Kohima,21110,5.41,0,0,https://cdn.protograph.pykih.com/Assets/Ahmedabad.png
Nagaland,Longleng,6636,8.9,0,11,https://cdn.protograph.pykih.com/Assets/Ahmedabad.png
Nagaland,Mokokchung,14951,8.12,0,0,https://cdn.protograph.pykih.com/Assets/Ahmedabad.png
Nagaland,Mon,23922,5.07,0,0,https://cdn.protograph.pykih.com/Assets/Ahmedabad.png
Nagaland,Peren,10451,2.44,0,0,https://cdn.protograph.pykih.com/Assets/Ahmedabad.png
Nagaland,Phek,18804,3.89,0,0,https://cdn.protograph.pykih.com/Assets/Ahmedabad.png
Nagaland,Tuensang,23394,8.09,0,0,https://cdn.protograph.pykih.com/Assets/Ahmedabad.png
Nagaland,Wokha,10579,11.11,48,0,https://cdn.protograph.pykih.com/Assets/Ahmedabad.png
Nagaland,Zunheboto,16709,7.34,0,85,https://cdn.protograph.pykih.com/Assets/Ahmedabad.png
Odisha,Anugul,151419,0.92,4060,4841,https://cdn.protograph.pykih.com/Assets/Ahmedabad.png
Odisha,Balangir,249561,1.04,10542,2094,https://cdn.protograph.pykih.com/Assets/Ahmedabad.png
Odisha,Baleshwar,285723,0.76,27493,56844,https://cdn.protograph.pykih.com/Assets/Ahmedabad.png
Odisha,Bargarh,193317,1.39,20097,36658,https://cdn.protograph.pykih.com/Assets/Ahmedabad.png
Odisha,Bauda,75900,1.08,5252,4305,https://cdn.protograph.pykih.com/Assets/Ahmedabad.png
Odisha,Bhadrak,190901,0.92,63143,2021,https://cdn.protograph.pykih.com/Assets/Ahmedabad.png
Odisha,Cuttack,164884,0.87,41804,19969,https://cdn.protograph.pykih.com/Assets/Ahmedabad.png
Odisha,Debagarh,43040,1,2770,404,https://cdn.protograph.pykih.com/Assets/Ahmedabad.png
Odisha,Dhenkanal,111511,0.89,4642,3041,https://cdn.protograph.pykih.com/Assets/Ahmedabad.png
Odisha,Gajapati,69332,0.8,9867,1797,https://cdn.protograph.pykih.com/Assets/Ahmedabad.png
Odisha,Ganjam,295260,0.88,40983,7755,https://cdn.protograph.pykih.com/Assets/Ahmedabad.png
Odisha,Jagatsinghapur,122865,0.71,8129,2030,https://cdn.protograph.pykih.com/Assets/Ahmedabad.png
Odisha,Jajapur,125347,1.14,25766,5868,https://cdn.protograph.pykih.com/Assets/Ahmedabad.png
Odisha,Jharsuguda,63096,0.94,4918,736,https://cdn.protograph.pykih.com/Assets/Ahmedabad.png
Odisha,Kalahandi,184271,1.44,5085,1563,https://cdn.protograph.pykih.com/Assets/Ahmedabad.png
Odisha,Kandhamal,91483,1.05,11624,359,https://cdn.protograph.pykih.com/Assets/Ahmedabad.png
Odisha,Kendrapara,162132,0.87,34006,20830,https://cdn.protograph.pykih.com/Assets/Ahmedabad.png
Odisha,Kendujhar,256388,0.91,8114,2194,https://cdn.protograph.pykih.com/Assets/Ahmedabad.png
Odisha,Khordha,119234,0.84,10209,1812,https://cdn.protograph.pykih.com/Assets/Ahmedabad.png
Odisha,Koraput,166393,1.52,8587,326,https://cdn.protograph.pykih.com/Assets/Ahmedabad.png
Odisha,Malkangiri,96521,1.23,1816,197,https://cdn.protograph.pykih.com/Assets/Ahmedabad.png
Odisha,Mayurbhanj,389892,0.89,21150,6713,https://cdn.protograph.pykih.com/Assets/Ahmedabad.png
Odisha,Nabarangapur,146447,1.25,6678,551,https://cdn.protograph.pykih.com/Assets/Ahmedabad.png
Odisha,Nayagarh,111985,0.74,6700,414,https://cdn.protograph.pykih.com/Assets/Ahmedabad.png
Odisha,Nuapada,98742,1.18,3870,544,https://cdn.protograph.pykih.com/Assets/Ahmedabad.png
Odisha,Puri,163621,0.82,77716,26939,https://cdn.protograph.pykih.com/Assets/Ahmedabad.png
Odisha,Rayagada,129580,1.23,204,1524,https://cdn.protograph.pykih.com/Assets/Ahmedabad.png
Odisha,Sambalpur,101009,1.48,25718,2295,https://cdn.protograph.pykih.com/Assets/Ahmedabad.png
Odisha,Subarnapur,95709,1.04,3086,2732,https://cdn.protograph.pykih.com/Assets/Ahmedabad.png
Odisha,Sundargarh,210005,1.19,10317,2497,https://cdn.protograph.pykih.com/Assets/Ahmedabad.png
Punjab,Amritsar,69869,3.16,11068,46959,https://cdn.protograph.pykih.com/Assets/Ahmedabad.png
Punjab,Barnala,40380,4.29,7943,23765,https://cdn.protograph.pykih.com/Assets/Ahmedabad.png
Punjab,Bathinda,56397,4.83,22967,39602,https://cdn.protograph.pykih.com/Assets/Ahmedabad.png
Punjab,Faridkot,35669,3.82,25645,26589,https://cdn.protograph.pykih.com/Assets/Ahmedabad.png
Punjab,Fatehgarh Sahib,25748,3.92,10277,20434,https://cdn.protograph.pykih.com/Assets/Ahmedabad.png
Punjab,Firozpur,82365,5.08,31686,45046,https://cdn.protograph.pykih.com/Assets/Ahmedabad.png
Punjab,Gurdaspur,94242,2.42,27925,49529,https://cdn.protograph.pykih.com/Assets/Ahmedabad.png
Punjab,Hoshiarpur,77556,2.77,20265,38207,https://cdn.protograph.pykih.com/Assets/Ahmedabad.png
Punjab,Jalandhar,47721,4.31,13324,30594,https://cdn.protograph.pykih.com/Assets/Ahmedabad.png
Punjab,Kapurthala,31835,3.63,14330,26421,https://cdn.protograph.pykih.com/Assets/Ahmedabad.png
Punjab,Ludhiana,70640,4.44,39531,47358,https://cdn.protograph.pykih.com/Assets/Ahmedabad.png
Punjab,Mansa,46661,4.62,18609,22045,https://cdn.protograph.pykih.com/Assets/Ahmedabad.png
Punjab,Moga,51712,3.43,32363,31486,https://cdn.protograph.pykih.com/Assets/Ahmedabad.png
Punjab,Muktsar,34049,6.56,17010,30302,https://cdn.protograph.pykih.com/Assets/Ahmedabad.png
Punjab,Patiala,62322,3.88,11449,47405,https://cdn.protograph.pykih.com/Assets/Ahmedabad.png
Punjab,Rupnagar,33563,2.11,8836,10120,https://cdn.protograph.pykih.com/Assets/Ahmedabad.png
Punjab,Sahibzada Ajit Singh Nagar,20227,2.89,3462,18228,https://cdn.protograph.pykih.com/Assets/Ahmedabad.png
Punjab,Sangrur,85290,3.37,4991,73300,https://cdn.protograph.pykih.com/Assets/Ahmedabad.png
Punjab,Shahid Bhagat Singh Nagar,26512,3.1,11503,16204,https://cdn.protograph.pykih.com/Assets/Ahmedabad.png
Punjab,Tarn Taran,58862,3.29,1146,42217,https://cdn.protograph.pykih.com/Assets/Ahmedabad.png
Rajasthan,Ajmer,253277,1.92,63346,42558,https://cdn.protograph.pykih.com/Assets/Ahmedabad.png
Rajasthan,Alwar,405099,1.27,99363,256812,https://cdn.protograph.pykih.com/Assets/Ahmedabad.png
Rajasthan,Banswara,239306,1,29565,9676,https://cdn.protograph.pykih.com/Assets/Ahmedabad.png
Rajasthan,Baran,163207,2.1,63137,41875,https://cdn.protograph.pykih.com/Assets/Ahmedabad.png
Rajasthan,Barmer,280141,7.8,7113,25050,https://cdn.protograph.pykih.com/Assets/Ahmedabad.png
Rajasthan,Bharatpur,267340,1.5,189532,63089,https://cdn.protograph.pykih.com/Assets/Ahmedabad.png
Rajasthan,Bhilwara,319743,1.76,119689,100331,https://cdn.protograph.pykih.com/Assets/Ahmedabad.png
Rajasthan,Bikaner,223971,8.56,5025,12565,https://cdn.protograph.pykih.com/Assets/Ahmedabad.png
Rajasthan,Bundi,151377,1.74,85044,54846,https://cdn.protograph.pykih.com/Assets/Ahmedabad.png
Rajasthan,Chittaurgarh,211799,1.8,47525,78033,https://cdn.protograph.pykih.com/Assets/Ahmedabad.png
Rajasthan,Churu,215085,5.7,3608,5932,https://cdn.protograph.pykih.com/Assets/Ahmedabad.png
Rajasthan,Dausa,132890,1.83,13253,49093,https://cdn.protograph.pykih.com/Assets/Ahmedabad.png
Rajasthan,Dhaulpur,124114,1.33,32544,13936,https://cdn.protograph.pykih.com/Assets/Ahmedabad.png
Rajasthan,Dungarpur,176856,1.04,28250,21154,https://cdn.protograph.pykih.com/Assets/Ahmedabad.png
Rajasthan,Ganganagar,114884,7.04,14888,4307,https://cdn.protograph.pykih.com/Assets/Ahmedabad.png
Rajasthan,Hanumangarh,176716,4.79,60953,27050,https://cdn.protograph.pykih.com/Assets/Ahmedabad.png
Rajasthan,Jaipur,328151,2.25,19724,218937,https://cdn.protograph.pykih.com/Assets/Ahmedabad.png
Rajasthan,Jaisalmer,99327,8.05,882,6255,https://cdn.protograph.pykih.com/Assets/Ahmedabad.png
Rajasthan,Jalor,161815,4.84,13627,56979,https://cdn.protograph.pykih.com/Assets/Ahmedabad.png
Rajasthan,Jhalawar,184845,1.98,103110,73121,https://cdn.protograph.pykih.com/Assets/Ahmedabad.png
Rajasthan,Jhunjhunun,254487,1.78,1780,102795,https://cdn.protograph.pykih.com/Assets/Ahmedabad.png
Rajasthan,Jodhpur,249594,6.87,11724,36415,https://cdn.protograph.pykih.com/Assets/Ahmedabad.png
Rajasthan,Karauli,148670,1.49,25387,72547,https://cdn.protograph.pykih.com/Assets/Ahmedabad.png
Rajasthan,Kota,111037,2.47,46880,31404,https://cdn.protograph.pykih.com/Assets/Ahmedabad.png
Rajasthan,Nagaur,335588,4.28,918,41687,https://cdn.protograph.pykih.com/Assets/Ahmedabad.png
Rajasthan,Pali,212450,3.53,13554,24172,https://cdn.protograph.pykih.com/Assets/Ahmedabad.png
Rajasthan,Pratapgarh (Raj),129260,1.51,42976,44514,https://cdn.protograph.pykih.com/Assets/Ahmedabad.png
Rajasthan,Rajsamand,143790,1.33,49578,37706,https://cdn.protograph.pykih.com/Assets/Ahmedabad.png
Rajasthan,Sawai Madhopur,164601,1.84,94581,46871,https://cdn.protograph.pykih.com/Assets/Ahmedabad.png
Rajasthan,Sikar,302891,1.96,18581,111953,https://cdn.protograph.pykih.com/Assets/Ahmedabad.png
Rajasthan,Sirohi,77395,2.53,19898,33787,https://cdn.protograph.pykih.com/Assets/Ahmedabad.png
Rajasthan,Tonk,192317,2.6,137479,67652,https://cdn.protograph.pykih.com/Assets/Ahmedabad.png
Rajasthan,Udaipur,323530,1.32,68261,66232,https://cdn.protograph.pykih.com/Assets/Ahmedabad.png
Sikkim,East Sikkim,24191,1.22,0,0,https://cdn.protograph.pykih.com/Assets/Ahmedabad.png
Sikkim,North Sikkim,3446,4.41,0,0,https://cdn.protograph.pykih.com/Assets/Ahmedabad.png
Sikkim,South Sikkim,22548,1.3,0,0,https://cdn.protograph.pykih.com/Assets/Ahmedabad.png
Sikkim,West Sikkim,23694,1.26,0,0,https://cdn.protograph.pykih.com/Assets/Ahmedabad.png
Tamil Nadu,Ariyalur,210897,0.59,8032,61005,https://cdn.protograph.pykih.com/Assets/Ahmedabad.png
Tamil Nadu,Coimbatore,130100,1.67,9970,78924,https://cdn.protograph.pykih.com/Assets/Ahmedabad.png
Tamil Nadu,Cuddalore,310501,0.72,36688,102119,https://cdn.protograph.pykih.com/Assets/Ahmedabad.png
Tamil Nadu,Dharmapuri,269078,0.81,17900,123865,https://cdn.protograph.pykih.com/Assets/Ahmedabad.png
Tamil Nadu,Dindigul,294361,1.02,35054,109087,https://cdn.protograph.pykih.com/Assets/Ahmedabad.png
Tamil Nadu,Erode,197304,1.34,16543,112316,https://cdn.protograph.pykih.com/Assets/Ahmedabad.png
Tamil Nadu,Kancheepuram,217944,0.66,26830,154196,https://cdn.protograph.pykih.com/Assets/Ahmedabad.png
Tamil Nadu,Kanniyakumari,377665,0.21,1824,97104,https://cdn.protograph.pykih.com/Assets/Ahmedabad.png
Tamil Nadu,Karur,145683,1.38,30457,50821,https://cdn.protograph.pykih.com/Assets/Ahmedabad.png
Tamil Nadu,Krishnagiri,281392,0.8,15553,111141,https://cdn.protograph.pykih.com/Assets/Ahmedabad.png
Tamil Nadu,Madurai,292183,0.57,39523,132877,https://cdn.protograph.pykih.com/Assets/Ahmedabad.png
Tamil Nadu,Nagappattinam,173790,0.8,12512,28461,https://cdn.protograph.pykih.com/Assets/Ahmedabad.png
Tamil Nadu,Namakkal,234542,0.91,5953,99033,https://cdn.protograph.pykih.com/Assets/Ahmedabad.png
Tamil Nadu,Perambalur,141456,0.8,2488,45610,https://cdn.protograph.pykih.com/Assets/Ahmedabad.png
Tamil Nadu,Pudukkottai,378523,0.59,66979,171964,https://cdn.protograph.pykih.com/Assets/Ahmedabad.png
Tamil Nadu,Ramanathapuram,393394,0.7,52462,29054,https://cdn.protograph.pykih.com/Assets/Ahmedabad.png
Tamil Nadu,Salem,318123,0.82,6570,152872,https://cdn.protograph.pykih.com/Assets/Ahmedabad.png
Tamil Nadu,Sivaganga,268090,0.62,19904,113859,https://cdn.protograph.pykih.com/Assets/Ahmedabad.png
Tamil Nadu,Thanjavur,292317,0.75,12425,172344,https://cdn.protograph.pykih.com/Assets/Ahmedabad.png
Tamil Nadu,The Nilgiris,64028,0.72,2217,39,https://cdn.protograph.pykih.com/Assets/Ahmedabad.png
Tamil Nadu,Theni,128506,0.95,9224,75533,https://cdn.protograph.pykih.com/Assets/Ahmedabad.png
Tamil Nadu,Thiruvallur,217773,0.57,22718,192902,https://cdn.protograph.pykih.com/Assets/Ahmedabad.png
Tamil Nadu,Thiruvarur,152039,0.94,14432,50008,https://cdn.protograph.pykih.com/Assets/Ahmedabad.png
Tamil Nadu,Thoothukkudi,195876,1.19,6150,30796,https://cdn.protograph.pykih.com/Assets/Ahmedabad.png
Tamil Nadu,Tiruchirappalli,301107,0.74,2376,120764,https://cdn.protograph.pykih.com/Assets/Ahmedabad.png
Tamil Nadu,Tirunelveli,292352,0.7,12208,71140,https://cdn.protograph.pykih.com/Assets/Ahmedabad.png
Tamil Nadu,Tiruppur,174679,1.93,2000,116291,https://cdn.protograph.pykih.com/Assets/Ahmedabad.png
Tamil Nadu,Tiruvannamalai,447367,0.68,10882,271955,https://cdn.protograph.pykih.com/Assets/Ahmedabad.png
Tamil Nadu,Vellore,384823,0.64,6590,171040,https://cdn.protograph.pykih.com/Assets/Ahmedabad.png
Tamil Nadu,Viluppuram,614961,0.67,18852,304122,https://cdn.protograph.pykih.com/Assets/Ahmedabad.png
Tamil Nadu,Virudunagar,197893,0.9,1869,38778,https://cdn.protograph.pykih.com/Assets/Ahmedabad.png
Telangana,Adilabad,519937,1.4,17389,91831,https://cdn.protograph.pykih.com/Assets/Ahmedabad.png
Telangana,Karimnagar,662320,0.97,25197,424567,https://cdn.protograph.pykih.com/Assets/Ahmedabad.png
Telangana,Khammam,468177,1.15,9475,137064,https://cdn.protograph.pykih.com/Assets/Ahmedabad.png
Telangana,Mahbubnagar,982300,1.21,56687,267999,https://cdn.protograph.pykih.com/Assets/Ahmedabad.png
Telangana,Medak,684359,0.97,16291,233829,https://cdn.protograph.pykih.com/Assets/Ahmedabad.png
Telangana,Nalgonda,757053,1.19,121397,330743,https://cdn.protograph.pykih.com/Assets/Ahmedabad.png
Telangana,Nizamabad,473456,0.91,30069,180222,https://cdn.protograph.pykih.com/Assets/Ahmedabad.png
Telangana,Rangareddy,342526,1.22,3004,108895,https://cdn.protograph.pykih.com/Assets/Ahmedabad.png
Telangana,Warangal,663054,1.01,19342,295280,https://cdn.protograph.pykih.com/Assets/Ahmedabad.png
Tripura,Dhalai,73422,0.52,2822,360,https://cdn.protograph.pykih.com/Assets/Ahmedabad.png
Tripura,North Tripura,86106,0.57,5493,704,https://cdn.protograph.pykih.com/Assets/Ahmedabad.png
Tripura,South Tripura,183608,0.47,12180,2182,https://cdn.protograph.pykih.com/Assets/Ahmedabad.png
Tripura,West Tripura,235016,0.47,18000,19248,https://cdn.protograph.pykih.com/Assets/Ahmedabad.png
Uttar Pradesh,Agra,259043,1.08,41900,31010,https://cdn.protograph.pykih.com/Assets/Ahmedabad.png
Uttar Pradesh,Aligarh,289031,1.06,62327,12123,https://cdn.protograph.pykih.com/Assets/Ahmedabad.png
Uttar Pradesh,Allahabad,551611,0.68,170590,29230,https://cdn.protograph.pykih.com/Assets/Ahmedabad.png
Uttar Pradesh,Ambedkar Nagar,339475,0.53,88814,13126,https://cdn.protograph.pykih.com/Assets/Ahmedabad.png
Uttar Pradesh,Auraiya,201377,0.72,40462,482,https://cdn.protograph.pykih.com/Assets/Ahmedabad.png
Uttar Pradesh,Azamgarh,606245,0.53,166142,13080,https://cdn.protograph.pykih.com/Assets/Ahmedabad.png
Uttar Pradesh,Baghpat,115964,0.94,44543,1175,https://cdn.protograph.pykih.com/Assets/Ahmedabad.png
Uttar Pradesh,Bahraich,505608,0.68,185986,19287,https://cdn.protograph.pykih.com/Assets/Ahmedabad.png
Uttar Pradesh,Ballia,380243,0.64,90539,1241,https://cdn.protograph.pykih.com/Assets/Ahmedabad.png
Uttar Pradesh,Balrampur,294962,0.8,122829,17394,https://cdn.protograph.pykih.com/Assets/Ahmedabad.png
Uttar Pradesh,Banda,263765,1.34,149140,37254,https://cdn.protograph.pykih.com/Assets/Ahmedabad.png
Uttar Pradesh,Bara Banki,466106,0.59,85721,23189,https://cdn.protograph.pykih.com/Assets/Ahmedabad.png
Uttar Pradesh,Bareilly,459467,0.71,127583,11134,https://cdn.protograph.pykih.com/Assets/Ahmedabad.png
Uttar Pradesh,Basti,331936,0.6,121578,13424,https://cdn.protograph.pykih.com/Assets/Ahmedabad.png
Uttar Pradesh,Bijnor,352810,0.94,85741,17832,https://cdn.protograph.pykih.com/Assets/Ahmedabad.png
Uttar Pradesh,Budaun,580284,0.74,207213,9821,https://cdn.protograph.pykih.com/Assets/Ahmedabad.png
Uttar Pradesh,Bulandshahr,348757,0.8,77841,19960,https://cdn.protograph.pykih.com/Assets/Ahmedabad.png
Uttar Pradesh,Chandauli,190964,0.71,70990,725,https://cdn.protograph.pykih.com/Assets/Ahmedabad.png
Uttar Pradesh,Chitrakoot,157926,1.16,67305,4793,https://cdn.protograph.pykih.com/Assets/Ahmedabad.png
Uttar Pradesh,Deoria,389473,0.54,100271,19601,https://cdn.protograph.pykih.com/Assets/Ahmedabad.png
Uttar Pradesh,Etah,250620,0.75,62034,12978,https://cdn.protograph.pykih.com/Assets/Ahmedabad.png
Uttar Pradesh,Etawah,209824,0.74,40889,246,https://cdn.protograph.pykih.com/Assets/Ahmedabad.png
Uttar Pradesh,Faizabad,341062,0.48,99458,30480,https://cdn.protograph.pykih.com/Assets/Ahmedabad.png
Uttar Pradesh,Farrukhabad,250329,0.69,76482,16965,https://cdn.protograph.pykih.com/Assets/Ahmedabad.png
Uttar Pradesh,Fatehpur,401694,0.78,108687,34068,https://cdn.protograph.pykih.com/Assets/Ahmedabad.png
Uttar Pradesh,Firozabad,178683,1.03,65306,16895,https://cdn.protograph.pykih.com/Assets/Ahmedabad.png
Uttar Pradesh,Gautam Buddha Nagar,86293,0.82,19628,1124,https://cdn.protograph.pykih.com/Assets/Ahmedabad.png
Uttar Pradesh,Ghaziabad,171245,0.83,44932,17031,https://cdn.protograph.pykih.com/Assets/Ahmedabad.png
Uttar Pradesh,Ghazipur,416075,0.66,90488,7595,https://cdn.protograph.pykih.com/Assets/Ahmedabad.png
Uttar Pradesh,Gonda,500051,0.62,158711,1375,https://cdn.protograph.pykih.com/Assets/Ahmedabad.png
Uttar Pradesh,Gorakhpur,472913,0.54,141073,12742,https://cdn.protograph.pykih.com/Assets/Ahmedabad.png
Uttar Pradesh,Hamirpur,199965,1.51,37934,11987,https://cdn.protograph.pykih.com/Assets/Ahmedabad.png
Uttar Pradesh,Hardoi,608000,0.75,179749,1147,https://cdn.protograph.pykih.com/Assets/Ahmedabad.png
Uttar Pradesh,Jalaun,251580,1.44,84045,17559,https://cdn.protograph.pykih.com/Assets/Ahmedabad.png
Uttar Pradesh,Jaunpur,655695,0.45,115680,31154,https://cdn.protograph.pykih.com/Assets/Ahmedabad.png
Uttar Pradesh,Jhansi,253781,1.31,75664,689,https://cdn.protograph.pykih.com/Assets/Ahmedabad.png
Uttar Pradesh,Jyotiba Phule Nagar,193875,0.87,53153,22465,https://cdn.protograph.pykih.com/Assets/Ahmedabad.png
Uttar Pradesh,Kannauj,256445,0.57,68581,17478,https://cdn.protograph.pykih.com/Assets/Ahmedabad.png
Uttar Pradesh,Kanpur Dehat,298043,0.76,56768,18008,https://cdn.protograph.pykih.com/Assets/Ahmedabad.png
Uttar Pradesh,Kanpur Nagar,253044,0.73,30282,297,https://cdn.protograph.pykih.com/Assets/Ahmedabad.png
Uttar Pradesh,Kansiram Nagar,185040,0.75,32107,6522,https://cdn.protograph.pykih.com/Assets/Ahmedabad.png
Uttar Pradesh,Kaushambi,214512,0.66,64254,13620,https://cdn.protograph.pykih.com/Assets/Ahmedabad.png
Uttar Pradesh,Kheri,611571,0.82,154179,10109,https://cdn.protograph.pykih.com/Assets/Ahmedabad.png
Uttar Pradesh,Kushinagar,462589,0.48,169346,3017,https://cdn.protograph.pykih.com/Assets/Ahmedabad.png
Uttar Pradesh,Lalitpur,206904,1.5,80502,740,https://cdn.protograph.pykih.com/Assets/Ahmedabad.png
Uttar Pradesh,Lucknow,245505,0.6,54887,325,https://cdn.protograph.pykih.com/Assets/Ahmedabad.png
Uttar Pradesh,Mahamaya Nagar,164093,0.96,51407,19166,https://cdn.protograph.pykih.com/Assets/Ahmedabad.png
Uttar Pradesh,Maharajganj,386347,0.53,121566,2204,https://cdn.protograph.pykih.com/Assets/Ahmedabad.png
Uttar Pradesh,Mahoba,148307,1.51,33647,15297,https://cdn.protograph.pykih.com/Assets/Ahmedabad.png
Uttar Pradesh,Mainpuri,302565,0.68,113015,401,https://cdn.protograph.pykih.com/Assets/Ahmedabad.png
Uttar Pradesh,Mathura,176438,1.46,37743,8985,https://cdn.protograph.pykih.com/Assets/Ahmedabad.png
Uttar Pradesh,Mau,262039,0.52,77897,11666,https://cdn.protograph.pykih.com/Assets/Ahmedabad.png
Uttar Pradesh,Meerut,208108,0.96,69417,6635,https://cdn.protograph.pykih.com/Assets/Ahmedabad.png
Uttar Pradesh,Mirzapur,272556,0.86,26092,10035,https://cdn.protograph.pykih.com/Assets/Ahmedabad.png
Uttar Pradesh,Moradabad,431069,0.72,142224,18362,https://cdn.protograph.pykih.com/Assets/Ahmedabad.png
Uttar Pradesh,Muzaffarnagar,338402,0.95,113041,43025,https://cdn.protograph.pykih.com/Assets/Ahmedabad.png
Uttar Pradesh,Pilibhit,221811,1.06,111504,3427,https://cdn.protograph.pykih.com/Assets/Ahmedabad.png
Uttar Pradesh,Pratapgarh (UP),487382,0.55,149606,18558,https://cdn.protograph.pykih.com/Assets/Ahmedabad.png
Uttar Pradesh,Rae Bareli,331553,0.65,64930,14888,https://cdn.protograph.pykih.com/Assets/Ahmedabad.png
Uttar Pradesh,Rampur,206415,0.9,88229,3880,https://cdn.protograph.pykih.com/Assets/Ahmedabad.png
Uttar Pradesh,Saharanpur,258386,1.07,57727,21780,https://cdn.protograph.pykih.com/Assets/Ahmedabad.png
Uttar Pradesh,Sant Kabir Nagar,226143,0.58,79132,18914,https://cdn.protograph.pykih.com/Assets/Ahmedabad.png
Uttar Pradesh,Sant Ravi Das Nagar(bhadohi),187042,0.41,4684,9016,https://cdn.protograph.pykih.com/Assets/Ahmedabad.png
Uttar Pradesh,Shahjahanpur,408688,0.87,196336,11884,https://cdn.protograph.pykih.com/Assets/Ahmedabad.png
Uttar Pradesh,Shrawasti,192899,0.7,39458,6800,https://cdn.protograph.pykih.com/Assets/Ahmedabad.png
Uttar Pradesh,Siddharth Nagar,406217,0.61,136613,8874,https://cdn.protograph.pykih.com/Assets/Ahmedabad.png
Uttar Pradesh,Sitapur,658947,0.69,185183,23915,https://cdn.protograph.pykih.com/Assets/Ahmedabad.png
Uttar Pradesh,Sonbhadra,195666,1.16,63372,25522,https://cdn.protograph.pykih.com/Assets/Ahmedabad.png
Uttar Pradesh,Sultanpur,382194,0.5,52093,9250,https://cdn.protograph.pykih.com/Assets/Ahmedabad.png
Uttar Pradesh,Unnao,485860,0.7,105486,12074,https://cdn.protograph.pykih.com/Assets/Ahmedabad.png
Uttar Pradesh,Varanasi,267495,0.4,60207,61,https://cdn.protograph.pykih.com/Assets/Ahmedabad.png
Uttarakhand,Almora,109250,0.76,0,0,https://cdn.protograph.pykih.com/Assets/Ahmedabad.png
Uttarakhand,Bageshwar,53864,0.51,0,0,https://cdn.protograph.pykih.com/Assets/Ahmedabad.png
Uttarakhand,Chamoli,44561,0.78,0,0,https://cdn.protograph.pykih.com/Assets/Ahmedabad.png
Uttarakhand,Champawat,36217,0.82,0,0,https://cdn.protograph.pykih.com/Assets/Ahmedabad.png
Uttarakhand,Dehradun,62594,0.81,60,37,https://cdn.protograph.pykih.com/Assets/Ahmedabad.png
Uttarakhand,Garhwal,84349,1.1,11,0,https://cdn.protograph.pykih.com/Assets/Ahmedabad.png
Uttarakhand,Hardwar,130090,0.85,57404,11998,https://cdn.protograph.pykih.com/Assets/Ahmedabad.png
Uttarakhand,Nainital,50592,1.03,346,34,https://cdn.protograph.pykih.com/Assets/Ahmedabad.png
Uttarakhand,Pithoragarh,79813,0.59,0,0,https://cdn.protograph.pykih.com/Assets/Ahmedabad.png
Uttarakhand,Rudraprayag,26996,0.83,0,0,https://cdn.protograph.pykih.com/Assets/Ahmedabad.png
Uttarakhand,Tehri Garhwal,86356,0.79,11,124,https://cdn.protograph.pykih.com/Assets/Ahmedabad.png
Uttarakhand,Udham Singh Nagar,106434,1.4,43620,18105,https://cdn.protograph.pykih.com/Assets/Ahmedabad.png
Uttarakhand,Uttarkashi,39532,0.87,0,0,https://cdn.protograph.pykih.com/Assets/Ahmedabad.png
West Bengal,Bankura,403228,0.96,115240,27084,https://cdn.protograph.pykih.com/Assets/Ahmedabad.png
West Bengal,Barddhaman,487001,0.98,130312,96665,https://cdn.protograph.pykih.com/Assets/Ahmedabad.png
West Bengal,Birbhum,311361,0.96,196302,37518,https://cdn.protograph.pykih.com/Assets/Ahmedabad.png
West Bengal,Dakshin Dinajpur,222568,0.86,149862,18452,https://cdn.protograph.pykih.com/Assets/Ahmedabad.png
West Bengal,Darjiling,104058,0.65,21157,0,https://cdn.protograph.pykih.com/Assets/Ahmedabad.png
West Bengal,Haora,225084,0.42,110220,9810,https://cdn.protograph.pykih.com/Assets/Ahmedabad.png
West Bengal,Hugli,345770,0.61,131946,106025,https://cdn.protograph.pykih.com/Assets/Ahmedabad.png
West Bengal,Jalpaiguri,294463,0.77,105491,2927,https://cdn.protograph.pykih.com/Assets/Ahmedabad.png
West Bengal,Koch Bihar,323118,0.84,178523,51677,https://cdn.protograph.pykih.com/Assets/Ahmedabad.png
West Bengal,Maldah,392227,0.75,171234,49220,https://cdn.protograph.pykih.com/Assets/Ahmedabad.png
West Bengal,Murshidabad,598787,0.73,346570,135968,https://cdn.protograph.pykih.com/Assets/Ahmedabad.png
West Bengal,Nadia,424134,0.82,317416,101214,https://cdn.protograph.pykih.com/Assets/Ahmedabad.png
West Bengal,North 24 Parganas,444841,0.63,174887,22519,https://cdn.protograph.pykih.com/Assets/Ahmedabad.png
West Bengal,Pashchim Medinipur,734012,0.69,157439,120753,https://cdn.protograph.pykih.com/Assets/Ahmedabad.png
West Bengal,Purba Medinipur,587812,0.53,268424,115909,https://cdn.protograph.pykih.com/Assets/Ahmedabad.png
West Bengal,Puruliya,319910,0.81,257573,953,https://cdn.protograph.pykih.com/Assets/Ahmedabad.png
West Bengal,South 24 Parganas,614401,0.61,210101,12210,https://cdn.protograph.pykih.com/Assets/Ahmedabad.png
West Bengal,Uttar Dinajpur,285769,0.86,257852,26791,https://cdn.protograph.pykih.com/Assets/Ahmedabad.png